{"sidebar":{"search-2":{"title":""},"woocommerce_product_categories-4":{"title":"Categories","orderby":"name","dropdown":0,"count":0,"hierarchical":1,"show_children_only":0,"hide_empty":0,"max_depth":""},"text-4":{"title":"Instagram","text":"[elementor-template id=\"680\"]","filter":true,"visual":true},"text-5":{"title":"Email for Newsletter","text":"","filter":true,"visual":true},"tag_cloud-4":{"title":"Tags","count":0,"taxonomy":"post_tag"},"text-6":{"title":"","text":"[elementor-template id=\"676\"]","filter":true,"visual":true},"archives-2":{"title":"","count":0,"dropdown":1},"la-recent-posts-2":{"title":"Popular Post","number":3,"show_date":true}},"sidebar-shop-filter":{"woocommerce_product_categories-2":{"title":"Filter by Categories","orderby":"name","dropdown":0,"count":0,"hierarchical":1,"show_children_only":0,"hide_empty":0,"max_depth":""},"woocommerce_price_filter-2":{"title":"Filter by Prices"},"woocommerce_layered_nav-3":{"title":"Filter by Brands","attribute":"brand","display_type":"list","query_type":"or"},"woocommerce_product_tag_cloud-3":{"title":"Popular Tags"}},"yena_widget_area_1":{"woocommerce_product_categories-3":{"title":"Filter by Categories","orderby":"name","dropdown":0,"count":0,"hierarchical":1,"show_children_only":0,"hide_empty":0,"max_depth":""},"woocommerce_price_filter-3":{"title":"Filter By Prices"},"woocommerce_layered_nav-2":{"title":"Filter by Brands","attribute":"brand","display_type":"list","query_type":"or"},"woocommerce_product_tag_cloud-2":{"title":"Popular Tags"},"text-3":{"title":"","text":"[elementor-template id=\"676\"]","filter":true,"visual":true},"text-2":{"title":"Instagram","text":"[elementor-template id=\"680\"]","filter":true,"visual":true}}}