{"layout":"col-1c","body_boxed":"no","body_max_width":"1230","main_full_width":"no","main_space":{"mobile":{"top":"","bottom":"","unit":"px"},"mobile_landscape":{"top":"","bottom":"","unit":"px"},"tablet":{"top":"","bottom":"","unit":"px"},"laptop":{"top":"","bottom":"","unit":"px"},"desktop":{"top":"","bottom":"","unit":"px"}},"backtotop_btn":"no","body_background":{"background-color":"","background-image":{"url":"","id":"","width":"","height":"","thumbnail":"","alt":"","title":"","description":""},"background-position":"","background-repeat":"","background-attachment":"","background-size":""},"body_boxed_background":{"background-color":"","background-image":{"url":"","id":"","width":"","height":"","thumbnail":"","alt":"","title":"","description":""},"background-position":"","background-repeat":"","background-attachment":"","background-size":""},"primary_color":"","secondary_color":"","three_color":"","border_color":"","page_loading_animation":"off","page_loading_style":"1","page_loading_custom":{"url":"","id":"","width":"","height":"","thumbnail":"","alt":"","title":"","description":""},"body_font_family":{"font-family":"Roboto","font-weight":"normal","font-style":"","extra-styles":["italic","700","700italic"],"subset":"","text-transform":"","font-size":{"mobile":"16","mobile_landscape":"","tablet":"","laptop":"","desktop":""},"line-height":{"mobile":"","mobile_landscape":"","tablet":"","laptop":"","desktop":""},"letter-spacing":{"mobile":"","mobile_landscape":"","tablet":"","laptop":"","desktop":""},"color":"","type":"google","unit":"px","responsive":"yes"},"three_font_family":{"font-family":"","font-weight":"","font-style":"","subset":"","type":"","unit":"px","responsive":"no"},"headings_font_family":{"font-family":"","font-weight":"","font-style":"","subset":"","text-transform":"","font-size":{"mobile":"","mobile_landscape":"","tablet":"","laptop":"","desktop":""},"line-height":{"mobile":"","mobile_landscape":"","tablet":"","laptop":"","desktop":""},"letter-spacing":{"mobile":"","mobile_landscape":"","tablet":"","laptop":"","desktop":""},"color":"","type":"","unit":"px","responsive":"yes"},"heading1_font_family":{"font-family":"","font-weight":"","font-style":"","subset":"","text-transform":"","font-size":{"mobile":"","mobile_landscape":"","tablet":"","laptop":"","desktop":""},"line-height":{"mobile":"","mobile_landscape":"","tablet":"","laptop":"","desktop":""},"letter-spacing":{"mobile":"","mobile_landscape":"","tablet":"","laptop":"","desktop":""},"color":"","type":"","unit":"px","responsive":"yes"},"heading2_font_family":{"font-family":"","font-weight":"","font-style":"","subset":"","text-transform":"","font-size":{"mobile":"","mobile_landscape":"","tablet":"","laptop":"","desktop":""},"line-height":{"mobile":"","mobile_landscape":"","tablet":"","laptop":"","desktop":""},"letter-spacing":{"mobile":"","mobile_landscape":"","tablet":"","laptop":"","desktop":""},"color":"","type":"","unit":"px","responsive":"yes"},"heading3_font_family":{"font-family":"","font-weight":"","font-style":"","subset":"","text-transform":"","font-size":{"mobile":"","mobile_landscape":"","tablet":"","laptop":"","desktop":""},"line-height":{"mobile":"","mobile_landscape":"","tablet":"","laptop":"","desktop":""},"letter-spacing":{"mobile":"","mobile_landscape":"","tablet":"","laptop":"","desktop":""},"color":"","type":"","unit":"px","responsive":"yes"},"heading4_font_family":{"font-family":"","font-weight":"","font-style":"","subset":"","text-transform":"","font-size":{"mobile":"","mobile_landscape":"","tablet":"","laptop":"","desktop":""},"line-height":{"mobile":"","mobile_landscape":"","tablet":"","laptop":"","desktop":""},"letter-spacing":{"mobile":"","mobile_landscape":"","tablet":"","laptop":"","desktop":""},"color":"","type":"","unit":"px","responsive":"yes"},"blog_entry_title_font_family":{"font-family":"","font-weight":"","font-style":"","subset":"","text-transform":"","font-size":{"mobile":"","mobile_landscape":"","tablet":"","laptop":"","desktop":""},"line-height":{"mobile":"","mobile_landscape":"","tablet":"","laptop":"","desktop":""},"letter-spacing":{"mobile":"","mobile_landscape":"","tablet":"","laptop":"","desktop":""},"color":"","type":"","unit":"px","responsive":"yes"},"blog_entry_meta_font_family":{"font-family":"","font-weight":"","font-style":"","subset":"","text-transform":"","font-size":{"mobile":"","mobile_landscape":"","tablet":"","laptop":"","desktop":""},"line-height":{"mobile":"","mobile_landscape":"","tablet":"","laptop":"","desktop":""},"letter-spacing":{"mobile":"","mobile_landscape":"","tablet":"","laptop":"","desktop":""},"color":"","type":"","unit":"px","responsive":"yes"},"blog_entry_content_font_family":{"font-family":"","font-weight":"","font-style":"","subset":"","text-transform":"","font-size":{"mobile":"","mobile_landscape":"","tablet":"","laptop":"","desktop":""},"line-height":{"mobile":"","mobile_landscape":"","tablet":"","laptop":"","desktop":""},"letter-spacing":{"mobile":"","mobile_landscape":"","tablet":"","laptop":"","desktop":""},"color":"","type":"","unit":"px","responsive":"yes"},"blog_post_title_font_family":{"font-family":"","font-weight":"","font-style":"","subset":"","text-transform":"","font-size":{"mobile":"","mobile_landscape":"","tablet":"","laptop":"","desktop":""},"line-height":{"mobile":"","mobile_landscape":"","tablet":"","laptop":"","desktop":""},"letter-spacing":{"mobile":"","mobile_landscape":"","tablet":"","laptop":"","desktop":""},"color":"","type":"","unit":"px","responsive":"yes"},"blog_post_meta_font_family":{"font-family":"","font-weight":"","font-style":"","subset":"","text-transform":"","font-size":{"mobile":"","mobile_landscape":"","tablet":"","laptop":"","desktop":""},"line-height":{"mobile":"","mobile_landscape":"","tablet":"","laptop":"","desktop":""},"letter-spacing":{"mobile":"","mobile_landscape":"","tablet":"","laptop":"","desktop":""},"color":"","type":"","unit":"px","responsive":"yes"},"blog_post_content_font_family":{"font-family":"","font-weight":"","font-style":"","subset":"","text-transform":"","font-size":{"mobile":"","mobile_landscape":"","tablet":"","laptop":"","desktop":""},"line-height":{"mobile":"","mobile_landscape":"","tablet":"","laptop":"","desktop":""},"letter-spacing":{"mobile":"","mobile_landscape":"","tablet":"","laptop":"","desktop":""},"color":"","type":"","unit":"px","responsive":"yes"},"header_transparency":"no","header_sticky":"yes","breadcrumb_separator":"\/","breadcrumb_home_item":"text","breadcrumb_translation_home":"Home","breadcrumb_translation_error":"404 Not Found","breadcrumb_translation_search":"Search results for","breadcrumb_posts_taxonomy":"none","breadcrumb_products_taxonomy":"shop","breadcrumb_portfolio_taxonomy":"none","page_title_bar_heading_tag":"h1","page_title_bar_layout":"4","page_title_bar_border":{"top":"","right":"","bottom":"","left":"","style":"solid","color":""},"page_title_bar_background":{"background-color":"#F9F9F9","background-gradient-color":"","background-gradient-direction":"","background-image":{"url":"https:\/\/yena.la-studioweb.com\/wp-content\/uploads\/2019\/12\/pagetitle-bg.jpg","id":"234","width":"1920","height":"170","thumbnail":"https:\/\/yena.la-studioweb.com\/wp-content\/uploads\/2019\/12\/pagetitle-bg.jpg","alt":"","title":"pagetitle-bg","description":""},"background-position":"left center","background-repeat":"no-repeat","background-attachment":"","background-size":"cover","background-origin":"","background-clip":"","background-blend-mode":""},"page_title_bar_space":{"mobile":{"top":"40","bottom":"40","unit":"px"},"mobile_landscape":{"top":"40","bottom":"40","unit":"px"},"tablet":{"top":"50","bottom":"50","unit":"px"},"laptop":{"top":"","bottom":"","unit":"px"},"desktop":{"top":"60","bottom":"60","unit":"px"}},"page_title_bar_heading_fonts":{"font-family":"Playfair Display","font-weight":"normal","font-style":"","subset":"","text-transform":"","font-size":{"mobile":"22","mobile_landscape":"24","tablet":"26","laptop":"28","desktop":"36"},"line-height":{"mobile":"","mobile_landscape":"","tablet":"","laptop":"","desktop":""},"letter-spacing":{"mobile":"","mobile_landscape":"","tablet":"","laptop":"","desktop":""},"type":"google","unit":"px","responsive":"yes"},"page_title_bar_breadcrumb_fonts":{"font-family":"Playfair Display","font-weight":"","font-style":"italic","subset":"","text-transform":"","font-size":{"mobile":"14","mobile_landscape":"16","tablet":"","laptop":"18","desktop":""},"line-height":{"mobile":"","mobile_landscape":"","tablet":"","laptop":"","desktop":""},"letter-spacing":{"mobile":"","mobile_landscape":"","tablet":"","laptop":"","desktop":""},"type":"google","unit":"px","responsive":"yes"},"page_title_bar_heading_color":"","page_title_bar_text_color":"","page_title_bar_link_color":"","page_title_bar_link_hover_color":"","blog_post_override_page_title_bar":"off","blog_post_page_title_bar_layout":"hide","blog_post_page_title_bar_border":{"top":"","right":"","bottom":"","left":"","style":"solid","color":""},"blog_post_page_title_bar_background":{"background-color":"","background-gradient-color":"","background-gradient-direction":"","background-image":{"url":"","id":"","width":"","height":"","thumbnail":"","alt":"","title":"","description":""},"background-position":"","background-repeat":"","background-attachment":"","background-size":"","background-origin":"","background-clip":"","background-blend-mode":""},"blog_post_page_title_bar_space":{"mobile":{"top":"","bottom":"","unit":"px"},"mobile_landscape":{"top":"","bottom":"","unit":"px"},"tablet":{"top":"","bottom":"","unit":"px"},"laptop":{"top":"","bottom":"","unit":"px"},"desktop":{"top":"","bottom":"","unit":"px"}},"blog_post_page_title_bar_heading_fonts":{"font-family":"","font-weight":"","font-style":"","subset":"","text-transform":"","font-size":{"mobile":"","mobile_landscape":"","tablet":"","laptop":"","desktop":""},"line-height":{"mobile":"","mobile_landscape":"","tablet":"","laptop":"","desktop":""},"letter-spacing":{"mobile":"","mobile_landscape":"","tablet":"","laptop":"","desktop":""},"type":"","unit":"px","responsive":"yes"},"blog_post_page_title_bar_breadcrumb_fonts":{"font-family":"","font-weight":"","font-style":"","subset":"","text-transform":"","font-size":{"mobile":"","mobile_landscape":"","tablet":"","laptop":"","desktop":""},"line-height":{"mobile":"","mobile_landscape":"","tablet":"","laptop":"","desktop":""},"letter-spacing":{"mobile":"","mobile_landscape":"","tablet":"","laptop":"","desktop":""},"type":"","unit":"px","responsive":"yes"},"blog_post_page_title_bar_heading_color":"","blog_post_page_title_bar_text_color":"","blog_post_page_title_bar_link_color":"","blog_post_page_title_bar_link_hover_color":"","single_post_override_page_title_bar":"off","single_post_page_title_bar_layout":"hide","single_post_page_title_bar_border":{"top":"","right":"","bottom":"","left":"","style":"solid","color":""},"single_post_page_title_bar_background":{"background-color":"","background-gradient-color":"","background-gradient-direction":"","background-image":{"url":"","id":"","width":"","height":"","thumbnail":"","alt":"","title":"","description":""},"background-position":"","background-repeat":"","background-attachment":"","background-size":"","background-origin":"","background-clip":"","background-blend-mode":""},"single_post_page_title_bar_space":{"mobile":{"top":"","bottom":"","unit":"px"},"mobile_landscape":{"top":"","bottom":"","unit":"px"},"tablet":{"top":"","bottom":"","unit":"px"},"laptop":{"top":"","bottom":"","unit":"px"},"desktop":{"top":"","bottom":"","unit":"px"}},"single_post_page_title_bar_heading_fonts":{"font-family":"","font-weight":"","font-style":"","subset":"","text-transform":"","font-size":{"mobile":"","mobile_landscape":"","tablet":"","laptop":"","desktop":""},"line-height":{"mobile":"","mobile_landscape":"","tablet":"","laptop":"","desktop":""},"letter-spacing":{"mobile":"","mobile_landscape":"","tablet":"","laptop":"","desktop":""},"type":"","unit":"px","responsive":"yes"},"single_post_page_title_bar_breadcrumb_fonts":{"font-family":"","font-weight":"","font-style":"","subset":"","text-transform":"","font-size":{"mobile":"","mobile_landscape":"","tablet":"","laptop":"","desktop":""},"line-height":{"mobile":"","mobile_landscape":"","tablet":"","laptop":"","desktop":""},"letter-spacing":{"mobile":"","mobile_landscape":"","tablet":"","laptop":"","desktop":""},"type":"","unit":"px","responsive":"yes"},"single_post_page_title_bar_heading_color":"","single_post_page_title_bar_text_color":"","single_post_page_title_bar_link_color":"","single_post_page_title_bar_link_hover_color":"","single_product_override_page_title_bar":"off","single_product_page_title_bar_layout":"hide","single_product_page_title_bar_border":{"top":"","right":"","bottom":"","left":"","style":"solid","color":""},"single_product_page_title_bar_background":{"background-color":"","background-gradient-color":"","background-gradient-direction":"","background-image":{"url":"","id":"","width":"","height":"","thumbnail":"","alt":"","title":"","description":""},"background-position":"","background-repeat":"","background-attachment":"","background-size":"","background-origin":"","background-clip":"","background-blend-mode":""},"single_product_page_title_bar_space":{"mobile":{"top":"","bottom":"","unit":"px"},"mobile_landscape":{"top":"","bottom":"","unit":"px"},"tablet":{"top":"","bottom":"","unit":"px"},"laptop":{"top":"","bottom":"","unit":"px"},"desktop":{"top":"","bottom":"","unit":"px"}},"single_product_page_title_bar_heading_fonts":{"font-family":"","font-weight":"","font-style":"","subset":"","text-transform":"","font-size":{"mobile":"","mobile_landscape":"","tablet":"","laptop":"","desktop":""},"line-height":{"mobile":"","mobile_landscape":"","tablet":"","laptop":"","desktop":""},"letter-spacing":{"mobile":"","mobile_landscape":"","tablet":"","laptop":"","desktop":""},"type":"","unit":"px","responsive":"yes"},"single_product_page_title_bar_breadcrumb_fonts":{"font-family":"","font-weight":"","font-style":"","subset":"","text-transform":"","font-size":{"mobile":"","mobile_landscape":"","tablet":"","laptop":"","desktop":""},"line-height":{"mobile":"","mobile_landscape":"","tablet":"","laptop":"","desktop":""},"letter-spacing":{"mobile":"","mobile_landscape":"","tablet":"","laptop":"","desktop":""},"type":"","unit":"px","responsive":"yes"},"single_product_page_title_bar_heading_color":"","single_product_page_title_bar_text_color":"","single_product_page_title_bar_link_color":"","single_product_page_title_bar_link_hover_color":"","single_portfolio_override_page_title_bar":"off","single_portfolio_page_title_bar_layout":"hide","single_portfolio_page_title_bar_border":{"top":"","right":"","bottom":"","left":"","style":"solid","color":""},"single_portfolio_page_title_bar_background":{"background-color":"","background-gradient-color":"","background-gradient-direction":"","background-image":{"url":"","id":"","width":"","height":"","thumbnail":"","alt":"","title":"","description":""},"background-position":"","background-repeat":"","background-attachment":"","background-size":"","background-origin":"","background-clip":"","background-blend-mode":""},"single_portfolio_page_title_bar_space":{"mobile":{"top":"","bottom":"","unit":"px"},"mobile_landscape":{"top":"","bottom":"","unit":"px"},"tablet":{"top":"","bottom":"","unit":"px"},"laptop":{"top":"","bottom":"","unit":"px"},"desktop":{"top":"","bottom":"","unit":"px"}},"single_portfolio_page_title_bar_heading_fonts":{"font-family":"","font-weight":"","font-style":"","subset":"","text-transform":"","font-size":{"mobile":"","mobile_landscape":"","tablet":"","laptop":"","desktop":""},"line-height":{"mobile":"","mobile_landscape":"","tablet":"","laptop":"","desktop":""},"letter-spacing":{"mobile":"","mobile_landscape":"","tablet":"","laptop":"","desktop":""},"type":"","unit":"px","responsive":"yes"},"single_portfolio_page_title_bar_breadcrumb_fonts":{"font-family":"","font-weight":"","font-style":"","subset":"","text-transform":"","font-size":{"mobile":"","mobile_landscape":"","tablet":"","laptop":"","desktop":""},"line-height":{"mobile":"","mobile_landscape":"","tablet":"","laptop":"","desktop":""},"letter-spacing":{"mobile":"","mobile_landscape":"","tablet":"","laptop":"","desktop":""},"type":"","unit":"px","responsive":"yes"},"single_portfolio_page_title_bar_heading_color":"","single_portfolio_page_title_bar_text_color":"","single_portfolio_page_title_bar_link_color":"","single_portfolio_page_title_bar_link_hover_color":"","woo_override_page_title_bar":"off","woo_page_title_bar_layout":"hide","woo_page_title_bar_border":{"top":"","right":"","bottom":"","left":"","style":"solid","color":""},"woo_page_title_bar_background":{"background-color":"","background-gradient-color":"","background-gradient-direction":"","background-image":{"url":"","id":"","width":"","height":"","thumbnail":"","alt":"","title":"","description":""},"background-position":"","background-repeat":"","background-attachment":"","background-size":"","background-origin":"","background-clip":"","background-blend-mode":""},"woo_page_title_bar_space":{"mobile":{"top":"","bottom":"","unit":"px"},"mobile_landscape":{"top":"","bottom":"","unit":"px"},"tablet":{"top":"","bottom":"","unit":"px"},"laptop":{"top":"","bottom":"","unit":"px"},"desktop":{"top":"","bottom":"","unit":"px"}},"woo_page_title_bar_heading_fonts":{"font-family":"","font-weight":"","font-style":"","subset":"","text-transform":"","font-size":{"mobile":"","mobile_landscape":"","tablet":"","laptop":"","desktop":""},"line-height":{"mobile":"","mobile_landscape":"","tablet":"","laptop":"","desktop":""},"letter-spacing":{"mobile":"","mobile_landscape":"","tablet":"","laptop":"","desktop":""},"type":"","unit":"px","responsive":"yes"},"woo_page_title_bar_breadcrumb_fonts":{"font-family":"","font-weight":"","font-style":"","subset":"","text-transform":"","font-size":{"mobile":"","mobile_landscape":"","tablet":"","laptop":"","desktop":""},"line-height":{"mobile":"","mobile_landscape":"","tablet":"","laptop":"","desktop":""},"letter-spacing":{"mobile":"","mobile_landscape":"","tablet":"","laptop":"","desktop":""},"type":"","unit":"px","responsive":"yes"},"woo_page_title_bar_heading_color":"","woo_page_title_bar_text_color":"","woo_page_title_bar_link_color":"","woo_page_title_bar_link_hover_color":"","archive_portfolio_override_page_title_bar":"off","archive_portfolio_page_title_bar_layout":"hide","archive_portfolio_page_title_bar_border":{"top":"","right":"","bottom":"","left":"","style":"solid","color":""},"archive_portfolio_page_title_bar_background":{"background-color":"","background-gradient-color":"","background-gradient-direction":"","background-image":{"url":"","id":"","width":"","height":"","thumbnail":"","alt":"","title":"","description":""},"background-position":"","background-repeat":"","background-attachment":"","background-size":"","background-origin":"","background-clip":"","background-blend-mode":""},"archive_portfolio_page_title_bar_space":{"mobile":{"top":"","bottom":"","unit":"px"},"mobile_landscape":{"top":"","bottom":"","unit":"px"},"tablet":{"top":"","bottom":"","unit":"px"},"laptop":{"top":"","bottom":"","unit":"px"},"desktop":{"top":"","bottom":"","unit":"px"}},"archive_portfolio_page_title_bar_heading_fonts":{"font-family":"","font-weight":"","font-style":"","subset":"","text-transform":"","font-size":{"mobile":"","mobile_landscape":"","tablet":"","laptop":"","desktop":""},"line-height":{"mobile":"","mobile_landscape":"","tablet":"","laptop":"","desktop":""},"letter-spacing":{"mobile":"","mobile_landscape":"","tablet":"","laptop":"","desktop":""},"type":"","unit":"px","responsive":"yes"},"archive_portfolio_page_title_bar_breadcrumb_fonts":{"font-family":"","font-weight":"","font-style":"","subset":"","text-transform":"","font-size":{"mobile":"","mobile_landscape":"","tablet":"","laptop":"","desktop":""},"line-height":{"mobile":"","mobile_landscape":"","tablet":"","laptop":"","desktop":""},"letter-spacing":{"mobile":"","mobile_landscape":"","tablet":"","laptop":"","desktop":""},"type":"","unit":"px","responsive":"yes"},"archive_portfolio_page_title_bar_heading_color":"","archive_portfolio_page_title_bar_text_color":"","archive_portfolio_page_title_bar_link_color":"","archive_portfolio_page_title_bar_link_hover_color":"","pages_global_sidebar":"","posts_global_sidebar":"","blog_archive_global_sidebar":"","enable_header_mb_footer_bar":"yes","mb_footer_bar_visible":"600","header_mb_footer_bar_component":[{"type":"dropdown_menu","icon":"lastudioicon-circle-10","text":"","link":"https:\/\/yena.la-studioweb.com\/my-account\/","menu_id":"34","el_class":""},{"type":"search_1","icon":"","text":"","link":"#","menu_id":"33","el_class":""},{"type":"wishlist","icon":"","text":"","link":"#","menu_id":"33","el_class":""},{"type":"compare","icon":"","text":"","link":"#","menu_id":"33","el_class":""},{"type":"cart","icon":"","text":"","link":"#","menu_id":"33","el_class":"force-display-on-mobile"}],"enable_header_mb_footer_bar_sticky":"always","layout_blog":"col-2cl","blog_small_layout":"off","main_full_width_archive_post":"inherit","header_transparency_blog":"inherit","main_space_archive_post":{"mobile":{"top":"","bottom":"","unit":"px"},"mobile_landscape":{"top":"","bottom":"","unit":"px"},"tablet":{"top":"","bottom":"","unit":"px"},"laptop":{"top":"","bottom":"","unit":"px"},"desktop":{"top":"","bottom":"","unit":"px"}},"page_title_bar_layout_blog_global":"off","blog_design":"list-1","blog_post_column":{"mobile":"1","mobile_landscape":"1","tablet":"1","laptop":"2","desktop":"2"},"blog_item_space":{"mobile":{"top":"","right":"","bottom":"","left":""},"mobile_landscape":{"top":"","right":"","bottom":"","left":""},"tablet":{"top":"","right":"","bottom":"","left":""},"laptop":{"top":"","right":"","bottom":"","left":""},"desktop":{"top":"","right":"","bottom":"","left":""}},"blog_thumbnail_height_mode":"16-9","blog_thumbnail_height_custom":"50%","blog_thumbnail_size":"full","blog_excerpt_length":"25","blog_masonry":"off","blog_pagination_type":"pagination","layout_single_post":"col-2cl","single_small_layout":"off","header_transparency_single_post":"no","main_space_single_post":{"mobile":{"top":"","bottom":"","unit":"px"},"mobile_landscape":{"top":"","bottom":"","unit":"px"},"tablet":{"top":"","bottom":"","unit":"px"},"laptop":{"top":"","bottom":"","unit":"px"},"desktop":{"top":"","bottom":"","unit":"px"}},"blog_post_page_title":"post-title","featured_images_single":"on","blog_pn_nav":"on","blog_post_title":"below","blog_social_sharing_box":"on","blog_related_posts":"on","blog_related_design":"2","blog_related_by":"random","blog_related_max_post":"3","blog_related_post_columns":{"mobile":"1","mobile_landscape":"1","tablet":"3","laptop":"3","desktop":"3"},"move_blog_related_to_bottom":"on","blog_comments":"on","layout_archive_product":"col-1c","header_transparency_archive_product":"inherit","main_full_width_archive_product":"yes","main_space_archive_product":{"mobile":{"top":"30","bottom":"60","unit":"px"},"mobile_landscape":{"top":"","bottom":"","unit":"px"},"tablet":{"top":"60","bottom":"60","unit":"px"},"laptop":{"top":"","bottom":"","unit":"px"},"desktop":{"top":"","bottom":"","unit":"px"}},"catalog_mode":"off","catalog_mode_price":"off","active_shop_filter":"on","hide_shop_toolbar":"off","woocommerce_toggle_grid_list":"on","shop_catalog_display_type":"grid","shop_catalog_grid_style":"2","woocommerce_catalog_columns":{"mobile":"1","mobile_landscape":"2","tablet":"3","laptop":"4","desktop":"4"},"active_shop_masonry":"off","shop_masonry_column_type":"default","product_masonry_container_width":"1170","product_masonry_image_size":"shop_catalog","product_masonry_item_width":"270","product_masonry_item_height":"450","woocommerce_shop_page_columns":{"mobile":"1","mobile_landscape":"2","tablet":"3","laptop":"4","desktop":"4"},"woocommerce_shop_masonry_columns":{"mobile":"1","mobile_landscape":"1","tablet":"1","laptop":"1","desktop":"1"},"woocommerce_shop_masonry_custom_columns":{"mobile":"1","mobile_landscape":"1","tablet":"1"},"enable_shop_masonry_custom_setting":"off","shop_masonry_item_setting":[{"size_name":"1x Width + 1x Height","w":"0.5","h":"0.5"}],"shop_item_space":{"mobile":{"top":"","right":"","bottom":"","left":""},"mobile_landscape":{"top":"","right":"","bottom":"","left":""},"tablet":{"top":"","right":"","bottom":"","left":""},"laptop":{"top":"","right":"","bottom":"","left":""},"desktop":{"top":"0","right":"25","bottom":"35","left":"25"}},"product_per_row_allow":"2,3,4","product_per_page_allow":"12,15,30","product_per_page_default":"12","woocommerce_pagination_type":"pagination","woocommerce_load_more_text":"Load More Products","woocommerce_enable_crossfade_effect":"on","woocommerce_show_rating_on_catalog":"off","woocommerce_show_addcart_btn":"on","woocommerce_show_quickview_btn":"on","woocommerce_show_wishlist_btn":"on","woocommerce_show_compare_btn":"on","layout_single_product":"col-1c","header_transparency_single_product":"no","main_full_width_single_product":"inherit","main_space_single_product":{"mobile":{"top":"20","bottom":"50","unit":"px"},"mobile_landscape":{"top":"30","bottom":"50","unit":"px"},"tablet":{"top":"70","bottom":"50","unit":"px"},"laptop":{"top":"","bottom":"","unit":"px"},"desktop":{"top":"100","bottom":"","unit":"px"}},"woocommerce_product_page_design":"2","single_ajax_add_cart":"yes","move_woo_tabs_to_bottom":"yes","woocommerce_gallery_zoom":"yes","woocommerce_gallery_lightbox":"yes","product_single_hide_breadcrumb":"no","product_single_hide_page_title":"yes","product_single_hide_product_title":"no","product_gallery_column":{"mobile":"3","mobile_landscape":"3","tablet":"3","laptop":"3","desktop":"3"},"product_sharing":"on","related_products":"on","related_product_title":"","related_product_subtitle":"","related_products_columns":{"mobile":"1","mobile_landscape":"2","tablet":"3","laptop":"4","desktop":"4"},"upsell_products":"on","upsell_product_title":"","upsell_product_subtitle":"","upsell_products_columns":{"mobile":"1","mobile_landscape":"2","tablet":"3","laptop":"3","desktop":"4"},"woo_enable_custom_tab":"off","woo_enable_custom_block_single_product":"off","crosssell_products":"on","crosssell_product_title":"","crosssell_product_subtitle":"","crosssell_products_columns":{"mobile":"1","mobile_landscape":"2","tablet":"3","laptop":"4","desktop":"4"},"portfolio_custom_name":"Portfolios","portfolio_custom_name2":"Portfolio","portfolio_custom_slug":"portfolio","portfolio_cat_custom_name":"Portfolio Categories","portfolio_cat_custom_name2":"Portfolio Category","portfolio_cat_custom_slug":"portfolio-category","layout_archive_portfolio":"col-1c","header_transparency_archive_portfolio":"inherit","main_full_width_archive_portfolio":"inherit","main_space_archive_portfolio":{"mobile":{"top":"","bottom":"","unit":"px"},"mobile_landscape":{"top":"","bottom":"","unit":"px"},"tablet":{"top":"","bottom":"","unit":"px"},"laptop":{"top":"","bottom":"","unit":"px"},"desktop":{"top":"","bottom":"","unit":"px"}},"portfolio_display_type":"grid","portfolio_thumbnail_height_mode":"original","portfolio_thumbnail_height_custom":"70%","portfolio_item_space":{"mobile":{"top":"","right":"","bottom":"","left":""},"mobile_landscape":{"top":"","right":"","bottom":"","left":""},"tablet":{"top":"","right":"","bottom":"","left":""},"laptop":{"top":"","right":"","bottom":"","left":""},"desktop":{"top":"","right":"","bottom":"","left":""}},"portfolio_display_style":"1","portfolio_column":{"mobile":"1","mobile_landscape":"1","tablet":"1","laptop":"1","desktop":"1"},"portfolio_per_page":"10","portfolio_thumbnail_size":"full","layout_single_portfolio":"col-1c","header_transparency_single_portfolio":"inherit","header_transparency_404":"no","404_page_content":"","social_links":[{"title":"Facebook","icon":"lastudioicon-b-facebook","link":"#"},{"title":"Twitter","icon":"lastudioicon-b-twitter","link":"#"},{"title":"Pinterest","icon":"lastudioicon-b-pinterest","link":"#"},{"title":"LinkedIn","icon":"lastudioicon-b-linkedin","link":"#"}],"sharing_facebook":"1","sharing_twitter":"1","sharing_reddit":"","sharing_linkedin":"","sharing_tumblr":"","sharing_pinterest":"1","sharing_line":"","sharing_whatapps":"","sharing_telegram":"","sharing_vk":"","sharing_email":"1","la_custom_css":"\n#lastudio-header-builder {\n    box-shadow: 0 0 3px rgba(0,0,0,.2);\n}\n                    ","header_js":";(function($) {\r\n    \"use strict\";\r\n    $(function(){\r\n        \/\/ do stuff \r\n    });\r\n})(jQuery);","footer_js":";(function($) {\r\n    \"use strict\";\r\n    $(function(){\r\n        \/\/ do stuff \r\n    });\r\n})(jQuery);","enable_newsletter_popup":"1","popup_max_width":"870","popup_max_height":"420","popup_background":{"background-color":"#ffffff","background-image":{"url":"","id":"","width":"","height":"","thumbnail":"","alt":"","title":"","description":""},"background-position":"","background-repeat":"","background-attachment":"","background-size":""},"only_show_newsletter_popup_on_home_page":"1","disable_popup_on_mobile":"1","newsletter_popup_delay":"2000","show_checkbox_hide_newsletter_popup":"","popup_dont_show_text":"Do not show popup anymore","newsletter_popup_show_again":"1","newsletter_popup_content":"[elementor-template id=\"805\"]","la_extension_available":["swatches","360","content_type"],"mailchimp_api_key":"","mailchimp_list_id":"","mailchimp_double_opt_in":"","la_elementor_modules":["advanced-carousel","advanced-map","animated-box","animated-text","audio","banner","button","circle-progress","countdown-timer","dropbar","headline","horizontal-timeline","image-comparison","images-layout","instagram-gallery","portfolio","posts","price-list","pricing-table","progress-bar","scroll-navigation","services","subscribe-form","table","tabs","team-member","testimonials","timeline","video","breadcrumbs","post-navigation","slides"],"extra_typography":"","woo_custom_tabs":"","woo_custom_block_single_product":""}